Date, Sunrise, Sunset, Daylength
1, 6:43 am, 5:18 pm, 10:35:11
2, 6:42 am, 5:19 pm, 10:36:52
3, 6:41 am, 5:20 pm, 10:38:34
4, 6:41 am, 5:21 pm, 10:40:18
5, 6:40 am, 5:22 pm, 10:42:02
6, 6:39 am, 5:23 pm, 10:43:48
7, 6:38 am, 5:24 pm, 10:45:35
8, 6:37 am, 5:25 pm, 10:47:23
9, 6:37 am, 5:26 pm, 10:49:12
10, 6:36 am, 5:27 pm, 10:51:03
11, 6:35 am, 5:28 pm, 10:52:54
12, 6:34 am, 5:29 pm, 10:54:46
13, 6:33 am, 5:29 pm, 10:56:39
14, 6:32 am, 5:30 pm, 10:58:32
15, 6:31 am, 5:31 pm, 11:00:27
16, 6:30 am, 5:32 pm, 11:02:22
17, 6:29 am, 5:33 pm, 11:04:18
18, 6:28 am, 5:34 pm, 11:06:15
19, 6:27 am, 5:35 pm, 11:08:13
20, 6:26 am, 5:36 pm, 11:10:11
21, 6:24 am, 5:37 pm, 11:12:09
22, 6:23 am, 5:37 pm, 11:14:09
23, 6:22 am, 5:38 pm, 11:16:09
24, 6:21 am, 5:39 pm, 11:18:09
25, 6:20 am, 5:40 pm, 11:20:10
26, 6:19 am, 5:41 pm, 11:22:11
27, 6:18 am, 5:42 pm, 11:24:13
28, 6:16 am, 5:43 pm, 11:26:15
